[{"@type":"mappingTemplate","id":"@1","name":"Mapping1","description":"","bundleVersion":"0","templateId":"@3","deployTime":1579072333000,"hasParameters":false,"valid":true,"fixedConnection":true,"hasParametersDeployed":false,"fixedConnectionDeployed":true,"tasks":1,"mappingPreviewFileRecordId":"@2","documentType":"","references":[{"@type":"reference","refObjectId":"@9JYiwn7no9yhyiL8PTjT0k","refType":"connection"},{"@type":"reference","refObjectId":"@dliV31v3CKkc4zpDNLuC42","refType":"connection"}]}]